{
  "version": 1,
  "author": "Caio Livio Leite Muniz Dantas",
  "editor": "wokwi",
  "parts": [
    {
      "type": "board-esp32-s3-devkitc-1",
      "id": "esp",
      "top": 0,
      "left": 0,
      "attrs": { "builder": "esp-idf" }
    },
    {
      "type": "wokwi-led",
      "id": "led1",
      "top": 34.8,
      "left": -197.8,
      "attrs": { "color": "red" }
    },
    {
      "type": "wokwi-led",
      "id": "led2",
      "top": 92.4,
      "left": -197.8,
      "attrs": { "color": "red" }
    },
    { "type": "wokwi-led", "id": "led3", "top": 150, "left": -197.8, "attrs": { "color": "red" } },
    {
      "type": "wokwi-led",
      "id": "led4",
      "top": 207.6,
      "left": -197.8,
      "attrs": { "color": "red" }
    },
    {
      "type": "wokwi-resistor",
      "id": "r1",
      "top": 71.15,
      "left": -144,
      "attrs": { "value": "330" }
    },
    {
      "type": "wokwi-resistor",
      "id": "r2",
      "top": 128.75,
      "left": -144,
      "attrs": { "value": "330" }
    },
    {
      "type": "wokwi-resistor",
      "id": "r3",
      "top": 186.35,
      "left": -144,
      "attrs": { "value": "330" }
    },
    {
      "type": "wokwi-resistor",
      "id": "r4",
      "top": 243.95,
      "left": -144,
      "attrs": { "value": "330" }
    }
  ],
  "connections": [
    [ "esp:TX", "$serialMonitor:RX", "", [] ],
    [ "esp:RX", "$serialMonitor:TX", "", [] ],
    [ "led1:A", "r1:1", "green", [ "v0" ] ],
    [ "led2:A", "r2:1", "green", [ "v0" ] ],
    [ "led3:A", "r3:1", "green", [ "v0" ] ],
    [ "led4:A", "r4:1", "green", [ "v0" ] ],
    [ "led1:C", "esp:GND.1", "black", [ "h-57.2", "v201.6", "h230.4", "v-47.82" ] ],
    [ "led2:C", "esp:GND.1", "black", [ "h-38", "v144", "h211.2", "v-47.82" ] ],
    [ "led3:C", "esp:GND.1", "black", [ "h-18.8", "v86.4", "h192", "v-47.82" ] ],
    [ "led4:C", "esp:GND.1", "black", [ "h0.4", "v28.8", "h172.8", "v-47.82" ] ],
    [ "r4:2", "esp:8", "#8f4814", [ "v0", "h27.6", "v-115.2" ] ],
    [ "r3:2", "esp:7", "#8f4814", [ "v0", "h18", "v-105.6" ] ],
    [ "r2:2", "esp:6", "#8f4814", [ "v0", "h8.4", "v-57.6" ] ],
    [ "r1:2", "esp:5", "#8f4814", [ "v-9.6", "h99.88" ] ]
  ],
  "dependencies": {}
}